USER_ID,ITEM_ID,EVENT_TYPE,TIMESTAMP
user_001,costa-rica,BOOK,1718844578
user_001,costa-rica,SEARCH,1718623483
user_001,costa-rica,SEARCH,1718816881
user_001,costa-rica,SEARCH,1718826743
user_001,costa-rica,SEARCH,1718843722
user_001,costa-rica,SEARCH,1719167513
user_001,costa-rica,SEARCH,1719238437
user_001,costa-rica,VIEW,1718844155
user_001,costa-rica,VIEW,1719167981
user_001,iceland,SEARCH,1719028473
user_001,iceland,VIEW,1719028750
user_001,india,BOOK,1718513816
user_001,india,BOOK,1718730524
user_001,india,BOOK,1718858627
user_001,india,SEARCH,1718513575
user_001,india,SEARCH,1718548194
user_001,india,SEARCH,1718646389
user_001,india,SEARCH,1718729547
user_001,india,SEARCH,1718857869
user_001,india,SEARCH,1718950256
user_001,india,SEARCH,1719092957
user_001,india,SEARCH,1719243858
user_001,india,VIEW,1718513724
user_001,india,VIEW,1718730077
user_001,india,VIEW,1718858179
user_001,italy,BOOK,1718628989
user_001,italy,SEARCH,1718628278
user_001,italy,VIEW,1718628770
user_001,japan,SEARCH,1718905015
user_001,thailand,SEARCH,1719183697
user_001,thailand,VIEW,1719183913
user_002,brazil,BOOK,1719730914
user_002,brazil,SEARCH,1719730294
user_002,brazil,VIEW,1719730354
user_002,costa-rica,SEARCH,1719514336
user_002,germany,SEARCH,1719942524
user_002,germany,SEARCH,1719960715
user_002,germany,VIEW,1719942605
user_002,germany,VIEW,1719961272
user_002,italy,BOOK,1720099892
user_002,italy,SEARCH,1719655555
user_002,italy,SEARCH,1719775251
user_002,italy,SEARCH,1719849370
user_002,italy,SEARCH,1720039914
user_002,italy,SEARCH,1720099126
user_002,italy,VIEW,1719775391
user_002,italy,VIEW,1720099645
user_002,japan,SEARCH,1719875159
user_002,japan,SEARCH,1720069015
user_002,japan,SEARCH,1720148455
user_002,japan,SEARCH,1720174656
user_002,japan,VIEW,1720069437
user_002,japan,VIEW,1720149007
user_002,mexico,SEARCH,1719585050
user_002,spain,SEARCH,1719905400
user_002,spain,SEARCH,1719947442
user_002,spain,SEARCH,1720080675
user_002,spain,SEARCH,1720113687
user_002,spain,VIEW,1719905842
user_002,spain,VIEW,1719947736
user_002,spain,VIEW,1720080797
user_002,spain,VIEW,1720113798
user_003,brazil,BOOK,1718766250
user_003,brazil,BOOK,1719103521
user_003,brazil,SEARCH,1718719967
user_003,brazil,SEARCH,1718765749
user_003,brazil,SEARCH,1718815980
user_003,brazil,SEARCH,1719050372
user_003,brazil,SEARCH,1719102646
user_003,brazil,SEARCH,1719154119
user_003,brazil,VIEW,1718720440
user_003,brazil,VIEW,1718766116
user_003,brazil,VIEW,1719050441
user_003,brazil,VIEW,1719103146
user_003,brazil,VIEW,1719154284
user_003,france,SEARCH,1718707244
user_003,france,SEARCH,1718779614
user_003,france,SEARCH,1718859739
user_003,france,SEARCH,1718901823
user_003,france,SEARCH,1719178617
user_003,france,VIEW,1718779945
user_003,france,VIEW,1718859807
user_003,germany,BOOK,1718933072
user_003,germany,BOOK,1718973951
user_003,germany,BOOK,1719384819
user_003,germany,SEARCH,1718932383
user_003,germany,SEARCH,1718973430
user_003,germany,SEARCH,1719384246
user_003,germany,VIEW,1718932960
user_003,germany,VIEW,1718973623
user_003,germany,VIEW,1719384488
user_003,iceland,BOOK,1719435321
user_003,iceland,SEARCH,1719434232
user_003,iceland,VIEW,1719434738
user_003,india,BOOK,1719376630
user_003,india,SEARCH,1718622241
user_003,india,SEARCH,1719375704
user_003,india,VIEW,1719376049
user_003,italy,BOOK,1718730483
user_003,italy,BOOK,1719319620
user_003,italy,BOOK,1719472883
user_003,italy,SEARCH,1718633455
user_003,italy,SEARCH,1718729561
user_003,italy,SEARCH,1718877350
user_003,italy,SEARCH,1719318909
user_003,italy,SEARCH,1719472561
user_003,italy,VIEW,1718730156
user_003,italy,VIEW,1718877680
user_003,italy,VIEW,1719319327
user_003,italy,VIEW,1719472622
user_003,japan,SEARCH,1719205649
user_003,spain,BOOK,1719253516
user_003,spain,SEARCH,1719253032
user_003,spain,VIEW,1719253346
user_004,brazil,SEARCH,1720048023
user_004,costa-rica,BOOK,1719208508
user_004,costa-rica,BOOK,1719778158
user_004,costa-rica,BOOK,1720157841
user_004,costa-rica,SEARCH,1719063512
user_004,costa-rica,SEARCH,1719093012
user_004,costa-rica,SEARCH,1719180887
user_004,costa-rica,SEARCH,1719207518
user_004,costa-rica,SEARCH,1719559201
user_004,costa-rica,SEARCH,1719777275
user_004,costa-rica,SEARCH,1720027466
user_004,costa-rica,SEARCH,1720157052
user_004,costa-rica,VIEW,1719063906
user_004,costa-rica,VIEW,1719093250
user_004,costa-rica,VIEW,1719181399
user_004,costa-rica,VIEW,1719208105
user_004,costa-rica,VIEW,1719559777
user_004,costa-rica,VIEW,1719777673
user_004,costa-rica,VIEW,1720157447
user_004,france,SEARCH,1719409894
user_004,france,SEARCH,1720273346
user_004,india,BOOK,1719699072
user_004,india,SEARCH,1719097271
user_004,india,SEARCH,1719253095
user_004,india,SEARCH,1719392048
user_004,india,SEARCH,1719481623
user_004,india,SEARCH,1719626109
user_004,india,SEARCH,1719698379
user_004,india,SEARCH,1719912433
user_004,india,SEARCH,1719971833
user_004,india,SEARCH,1720129290
user_004,india,SEARCH,1720263922
user_004,india,VIEW,1719253305
user_004,india,VIEW,1719392259
user_004,india,VIEW,1719481807
user_004,india,VIEW,1719698720
user_004,india,VIEW,1719912853
user_004,india,VIEW,1719972392
user_004,india,VIEW,1720129435
user_004,india,VIEW,1720264340
user_004,south-korea,SEARCH,1719833297
user_004,spain,SEARCH,1720198360
user_004,thailand,SEARCH,1719337335
user_004,thailand,SEARCH,1719744979
user_004,thailand,VIEW,1719337861
user_004,thailand,VIEW,1719745180
user_005,germany,BOOK,1719730884
user_005,germany,SEARCH,1719182729
user_005,germany,SEARCH,1719313041
user_005,germany,SEARCH,1719439313
user_005,germany,SEARCH,1719507236
user_005,germany,SEARCH,1719730088
user_005,germany,SEARCH,1719914785
user_005,germany,VIEW,1719730492
user_005,germany,VIEW,1719915222
user_005,iceland,SEARCH,1719781268
user_005,italy,BOOK,1719651262
user_005,italy,BOOK,1720121341
user_005,italy,SEARCH,1719650593
user_005,italy,SEARCH,1720120654
user_005,italy,SEARCH,1720195025
user_005,italy,VIEW,1719650741
user_005,italy,VIEW,1720120912
user_005,italy,VIEW,1720195140
user_005,south-korea,SEARCH,1719426075
user_005,south-korea,VIEW,1719426177
user_005,thailand,BOOK,1719857894
user_005,thailand,BOOK,1719992215
user_005,thailand,BOOK,1720038235
user_005,thailand,SEARCH,1719208643
user_005,thailand,SEARCH,1719233885
user_005,thailand,SEARCH,1719343102
user_005,thailand,SEARCH,1719568446
user_005,thailand,SEARCH,1719821425
user_005,thailand,SEARCH,1719857255
user_005,thailand,SEARCH,1719991374
user_005,thailand,SEARCH,1720037431
user_005,thailand,VIEW,1719343410
user_005,thailand,VIEW,1719568782
user_005,thailand,VIEW,1719821680
user_005,thailand,VIEW,1719857817
user_005,thailand,VIEW,1719991898
user_005,thailand,VIEW,1720037680
user_006,costa-rica,BOOK,1719267907
user_006,costa-rica,BOOK,1719755402
user_006,costa-rica,BOOK,1719797825
user_006,costa-rica,SEARCH,1718984396
user_006,costa-rica,SEARCH,1719097658
user_006,costa-rica,SEARCH,1719151405
user_006,costa-rica,SEARCH,1719242572
user_006,costa-rica,SEARCH,1719267069
user_006,costa-rica,SEARCH,1719574967
user_006,costa-rica,SEARCH,1719754790
user_006,costa-rica,SEARCH,1719797346
user_006,costa-rica,VIEW,1719242715
user_006,costa-rica,VIEW,1719267610
user_006,costa-rica,VIEW,1719575475
user_006,costa-rica,VIEW,1719755178
user_006,costa-rica,VIEW,1719797443
user_006,germany,SEARCH,1719021336
user_006,germany,SEARCH,1719535126
user_006,germany,VIEW,1719535313
user_006,south-korea,BOOK,1719078219
user_006,south-korea,SEARCH,1719077633
user_006,south-korea,SEARCH,1719211576
user_006,south-korea,SEARCH,1719331366
user_006,south-korea,SEARCH,1719417223
user_006,south-korea,SEARCH,1719621422
user_006,south-korea,SEARCH,1719660581
user_006,south-korea,VIEW,1719077848
user_006,south-korea,VIEW,1719417718
user_006,south-korea,VIEW,1719621575
user_006,south-korea,VIEW,1719661122
user_006,spain,SEARCH,1719689022
user_006,thailand,SEARCH,1719456424
user_006,thailand,VIEW,1719456545
user_007,brazil,SEARCH,1719721607
user_007,brazil,SEARCH,1719792434
user_007,brazil,VIEW,1719722057
user_007,costa-rica,BOOK,1719513517
user_007,costa-rica,SEARCH,1719512454
user_007,costa-rica,VIEW,1719512938
user_007,france,SEARCH,1719424195
user_007,france,SEARCH,1719616941
user_007,france,VIEW,1719617341
user_007,iceland,SEARCH,1719490174
user_007,iceland,SEARCH,1719730724
user_007,iceland,VIEW,1719490382
user_007,india,SEARCH,1719663563
user_007,india,VIEW,1719663867
user_007,italy,BOOK,1719850312
user_007,italy,SEARCH,1719849845
user_007,italy,VIEW,1719849981
user_007,japan,BOOK,1719337459
user_007,japan,SEARCH,1719336549
user_007,japan,SEARCH,1719381771
user_007,japan,VIEW,1719336903
user_007,mexico,SEARCH,1719305757
user_007,mexico,SEARCH,1719864906
user_007,south-korea,SEARCH,1719554251
user_007,spain,SEARCH,1719362122
user_007,spain,VIEW,1719362599
user_008,brazil,BOOK,1719133053
user_008,brazil,SEARCH,1719132155
user_008,brazil,VIEW,1719132589
user_008,costa-rica,SEARCH,1719033024
user_008,france,SEARCH,1718915880
user_008,france,VIEW,1718916300
user_008,germany,BOOK,1718684270
user_008,germany,SEARCH,1718683695
user_008,germany,VIEW,1718684049
user_008,iceland,BOOK,1719076175
user_008,iceland,BOOK,1719461363
user_008,iceland,SEARCH,1719075861
user_008,iceland,SEARCH,1719460594
user_008,iceland,VIEW,1719076038
user_008,iceland,VIEW,1719461021
user_008,italy,SEARCH,1718993005
user_008,italy,VIEW,1718993270
user_008,mexico,SEARCH,1718553121
user_008,mexico,VIEW,1718553283
user_008,south-korea,BOOK,1718564138
user_008,south-korea,BOOK,1719525230
user_008,south-korea,BOOK,1719712373
user_008,south-korea,SEARCH,1718563277
user_008,south-korea,SEARCH,1718642396
user_008,south-korea,SEARCH,1718678247
user_008,south-korea,SEARCH,1718874200
user_008,south-korea,SEARCH,1718938081
user_008,south-korea,SEARCH,1718946430
user_008,south-korea,SEARCH,1719249187
user_008,south-korea,SEARCH,1719402078
user_008,south-korea,SEARCH,1719524748
user_008,south-korea,SEARCH,1719603018
user_008,south-korea,SEARCH,1719637438
user_008,south-korea,SEARCH,1719712115
user_008,south-korea,SEARCH,1719747585
user_008,south-korea,SEARCH,1719820567
user_008,south-korea,SEARCH,1719839437
user_008,south-korea,VIEW,1718563637
user_008,south-korea,VIEW,1718642630
user_008,south-korea,VIEW,1718678544
user_008,south-korea,VIEW,1719249729
user_008,south-korea,VIEW,1719402562
user_008,south-korea,VIEW,1719524829
user_008,south-korea,VIEW,1719637500
user_008,south-korea,VIEW,1719712287
user_008,south-korea,VIEW,1719747823
user_008,south-korea,VIEW,1719821114
user_008,thailand,BOOK,1718765982
user_008,thailand,BOOK,1718834159
user_008,thailand,BOOK,1719283287
user_008,thailand,BOOK,1719327235
user_008,thailand,SEARCH,1718492348
user_008,thailand,SEARCH,1718765297
user_008,thailand,SEARCH,1718833370
user_008,thailand,SEARCH,1719196448
user_008,thailand,SEARCH,1719282739
user_008,thailand,SEARCH,1719326878
user_008,thailand,SEARCH,1719443389
user_008,thailand,VIEW,1718765613
user_008,thailand,VIEW,1718833797
user_008,thailand,VIEW,1719283108
user_008,thailand,VIEW,1719327037
user_008,thailand,VIEW,1719443671
user_009,costa-rica,SEARCH,1719643732
user_009,costa-rica,VIEW,1719644127
user_009,germany,BOOK,1718894616
user_009,germany,BOOK,1719557626
user_009,germany,SEARCH,1718893960
user_009,germany,SEARCH,1719438208
user_009,germany,SEARCH,1719556585
user_009,germany,SEARCH,1719621661
user_009,germany,SEARCH,1719792121
user_009,germany,VIEW,1718894474
user_009,germany,VIEW,1719438617
user_009,germany,VIEW,1719557142
user_009,germany,VIEW,1719621777
user_009,iceland,SEARCH,1719244373
user_009,iceland,SEARCH,1719349855
user_009,iceland,VIEW,1719244809
user_009,iceland,VIEW,1719349921
user_009,india,BOOK,1719926779
user_009,india,SEARCH,1719926140
user_009,india,SEARCH,1720000102
user_009,india,VIEW,1719926547
user_009,mexico,BOOK,1719055058
user_009,mexico,SEARCH,1718990743
user_009,mexico,SEARCH,1719054357
user_009,mexico,SEARCH,1719121037
user_009,mexico,SEARCH,1719406258
user_009,mexico,SEARCH,1719516991
user_009,mexico,SEARCH,1719576728
user_009,mexico,SEARCH,1719732920
user_009,mexico,SEARCH,1719869888
user_009,mexico,VIEW,1718991023
user_009,mexico,VIEW,1719054737
user_009,mexico,VIEW,1719121192
user_009,mexico,VIEW,1719517210
user_009,mexico,VIEW,1719577078
user_009,mexico,VIEW,1719733300
user_009,mexico,VIEW,1719870197
user_009,south-korea,BOOK,1719210828
user_009,south-korea,BOOK,1719305417
user_009,south-korea,SEARCH,1719209870
user_009,south-korea,SEARCH,1719304998
user_009,south-korea,SEARCH,1719818329
user_009,south-korea,VIEW,1719210249
user_009,south-korea,VIEW,1719305084
user_009,spain,BOOK,1719199034
user_009,spain,BOOK,1719672041
user_009,spain,SEARCH,1718907036
user_009,spain,SEARCH,1719198157
user_009,spain,SEARCH,1719671324
user_009,spain,VIEW,1718907428
user_009,spain,VIEW,1719198554
user_009,spain,VIEW,1719671619
user_010,brazil,BOOK,1719548949
user_010,brazil,SEARCH,1719217755
user_010,brazil,SEARCH,1719447260
user_010,brazil,SEARCH,1719548538
user_010,brazil,VIEW,1719217853
user_010,brazil,VIEW,1719447860
user_010,brazil,VIEW,1719548725
user_010,costa-rica,BOOK,1718948809
user_010,costa-rica,BOOK,1719042307
user_010,costa-rica,BOOK,1719113703
user_010,costa-rica,SEARCH,1718578099
user_010,costa-rica,SEARCH,1718753410
user_010,costa-rica,SEARCH,1718948227
user_010,costa-rica,SEARCH,1719041518
user_010,costa-rica,SEARCH,1719113048
user_010,costa-rica,SEARCH,1719530939
user_010,costa-rica,VIEW,1718578228
user_010,costa-rica,VIEW,1718753957
user_010,costa-rica,VIEW,1718948354
user_010,costa-rica,VIEW,1719041708
user_010,costa-rica,VIEW,1719113424
user_010,costa-rica,VIEW,1719531052
user_010,france,SEARCH,1719405781
user_010,france,VIEW,1719406217
user_010,germany,SEARCH,1718491899
user_010,italy,BOOK,1718660191
user_010,italy,BOOK,1718865855
user_010,italy,BOOK,1718997195
user_010,italy,SEARCH,1718413708
user_010,italy,SEARCH,1718659716
user_010,italy,SEARCH,1718674201
user_010,italy,SEARCH,1718865074
user_010,italy,SEARCH,1718996316
user_010,italy,SEARCH,1719143026
user_010,italy,SEARCH,1719241865
user_010,italy,SEARCH,1719340331
user_010,italy,VIEW,1718413845
user_010,italy,VIEW,1718660093
user_010,italy,VIEW,1718674780
user_010,italy,VIEW,1718865506
user_010,italy,VIEW,1718996734
user_010,italy,VIEW,1719143244
user_010,italy,VIEW,1719242373
user_010,south-korea,SEARCH,1719277539
user_010,thailand,BOOK,1718803371
user_010,thailand,SEARCH,1718802695
user_010,thailand,SEARCH,1719572447
user_010,thailand,VIEW,1718803271
user_011,brazil,BOOK,1719346203
user_011,brazil,SEARCH,1719178352
user_011,brazil,SEARCH,1719345072
user_011,brazil,VIEW,1719345659
user_011,france,BOOK,1718905371
user_011,france,BOOK,1718965257
user_011,france,SEARCH,1718904416
user_011,france,SEARCH,1718915413
user_011,france,SEARCH,1718922266
user_011,france,SEARCH,1718964350
user_011,france,VIEW,1718905016
user_011,france,VIEW,1718915941
user_011,france,VIEW,1718964771
user_011,germany,BOOK,1718880939
user_011,germany,SEARCH,1718880279
user_011,germany,VIEW,1718880798
user_011,iceland,SEARCH,1718809849
user_011,iceland,SEARCH,1719130874
user_011,iceland,VIEW,1718810138
user_011,iceland,VIEW,1719131003
user_011,italy,SEARCH,1718857846
user_011,italy,VIEW,1718857945
user_011,japan,SEARCH,1719093572
user_011,mexico,SEARCH,1719205307
user_011,spain,SEARCH,1719272164
user_011,spain,SEARCH,1719335876
user_011,thailand,SEARCH,1719037618
user_011,thailand,VIEW,1719038216
user_012,brazil,BOOK,1719385336
user_012,brazil,SEARCH,1719384996
user_012,brazil,VIEW,1719385188
user_012,costa-rica,BOOK,1719705645
user_012,costa-rica,SEARCH,1719705043
user_012,costa-rica,VIEW,1719705304
user_012,germany,BOOK,1719052140
user_012,germany,SEARCH,1719051370
user_012,germany,VIEW,1719051960
user_012,iceland,BOOK,1718813999
user_012,iceland,BOOK,1719044198
user_012,iceland,BOOK,1720024017
user_012,iceland,SEARCH,1718572976
user_012,iceland,SEARCH,1718703765
user_012,iceland,SEARCH,1718763081
user_012,iceland,SEARCH,1718813540
user_012,iceland,SEARCH,1718900952
user_012,iceland,SEARCH,1718964047
user_012,iceland,SEARCH,1719043386
user_012,iceland,SEARCH,1719114559
user_012,iceland,SEARCH,1719178169
user_012,iceland,SEARCH,1719452142
user_012,iceland,SEARCH,1719515240
user_012,iceland,SEARCH,1720022988
user_012,iceland,VIEW,1718704356
user_012,iceland,VIEW,1718763311
user_012,iceland,VIEW,1718813881
user_012,iceland,VIEW,1718901382
user_012,iceland,VIEW,1719043853
user_012,iceland,VIEW,1719115121
user_012,iceland,VIEW,1719452277
user_012,iceland,VIEW,1720023542
user_012,india,SEARCH,1719248408
user_012,mexico,BOOK,1718718946
user_012,mexico,BOOK,1718866292
user_012,mexico,BOOK,1719319696
user_012,mexico,BOOK,1719663622
user_012,mexico,SEARCH,1718718445
user_012,mexico,SEARCH,1718865693
user_012,mexico,SEARCH,1719223807
user_012,mexico,SEARCH,1719318929
user_012,mexico,SEARCH,1719591291
user_012,mexico,SEARCH,1719663107
user_012,mexico,SEARCH,1719790149
user_012,mexico,SEARCH,1719868245
user_012,mexico,SEARCH,1719947310
user_012,mexico,VIEW,1718718805
user_012,mexico,VIEW,1718865784
user_012,mexico,VIEW,1719319131
user_012,mexico,VIEW,1719591483
user_012,mexico,VIEW,1719663332
user_012,mexico,VIEW,1719790366
user_012,mexico,VIEW,1719868388
user_012,spain,SEARCH,1718634720
user_013,brazil,BOOK,1719294115
user_013,brazil,SEARCH,1719293410
user_013,brazil,VIEW,1719293578
user_013,france,BOOK,1719685148
user_013,france,BOOK,1719870590
user_013,france,SEARCH,1719684777
user_013,france,SEARCH,1719698740
user_013,france,SEARCH,1719869919
user_013,france,VIEW,1719684889
user_013,france,VIEW,1719870491
user_013,germany,BOOK,1719937658
user_013,germany,SEARCH,1719415345
user_013,germany,SEARCH,1719460328
user_013,germany,SEARCH,1719936685
user_013,germany,VIEW,1719937272
user_013,iceland,BOOK,1720225293
user_013,iceland,SEARCH,1720019444
user_013,iceland,SEARCH,1720224536
user_013,iceland,VIEW,1720224985
user_013,india,SEARCH,1720338574
user_013,mexico,SEARCH,1719272258
user_013,mexico,SEARCH,1719525684
user_013,mexico,SEARCH,1719561867
user_013,mexico,SEARCH,1719839795
user_013,mexico,SEARCH,1720254071
user_013,mexico,VIEW,1719526253
user_013,mexico,VIEW,1719561976
user_013,mexico,VIEW,1720254559
user_013,spain,SEARCH,1719330730
user_013,spain,SEARCH,1719627822
user_013,spain,SEARCH,1719784375
user_013,spain,SEARCH,1720062899
user_013,spain,SEARCH,1720143615
user_013,spain,VIEW,1719627992
user_013,spain,VIEW,1720063336
user_013,spain,VIEW,1720144160
user_014,brazil,SEARCH,1719435070
user_014,brazil,VIEW,1719435506
user_014,costa-rica,SEARCH,1718687526
user_014,costa-rica,VIEW,1718687891
user_014,france,SEARCH,1718813728
user_014,germany,BOOK,1719056319
user_014,germany,SEARCH,1718657986
user_014,germany,SEARCH,1718905359
user_014,germany,SEARCH,1718946072
user_014,germany,SEARCH,1718972716
user_014,germany,SEARCH,1719055805
user_014,germany,SEARCH,1719172593
user_014,germany,VIEW,1718658396
user_014,germany,VIEW,1719056144
user_014,germany,VIEW,1719172832
user_014,india,BOOK,1718853774
user_014,india,SEARCH,1718853131
user_014,india,VIEW,1718853469
user_014,italy,BOOK,1718776004
user_014,italy,SEARCH,1718775507
user_014,italy,SEARCH,1719028447
user_014,italy,VIEW,1718775864
user_014,japan,SEARCH,1719094168
user_014,mexico,BOOK,1719325355
user_014,mexico,SEARCH,1719033617
user_014,mexico,SEARCH,1719324727
user_014,mexico,VIEW,1719034020
user_014,mexico,VIEW,1719325054
user_014,spain,BOOK,1718719747
user_014,spain,BOOK,1718930627
user_014,spain,SEARCH,1718719023
user_014,spain,SEARCH,1718888183
user_014,spain,SEARCH,1718929725
user_014,spain,SEARCH,1719244445
user_014,spain,SEARCH,1719280917
user_014,spain,SEARCH,1719390136
user_014,spain,VIEW,1718719407
user_014,spain,VIEW,1718930273
user_014,spain,VIEW,1719244602
user_014,spain,VIEW,1719281218
user_015,germany,BOOK,1720023467
user_015,germany,BOOK,1720140404
user_015,germany,SEARCH,1719687693
user_015,germany,SEARCH,1719756146
user_015,germany,SEARCH,1720022855
user_015,germany,SEARCH,1720139615
user_015,germany,SEARCH,1720342611
user_015,germany,SEARCH,1720433301
user_015,germany,VIEW,1719688205
user_015,germany,VIEW,1720023051
user_015,germany,VIEW,1720140109
user_015,germany,VIEW,1720433689
user_015,iceland,SEARCH,1720353891
user_015,iceland,SEARCH,1720505816
user_015,iceland,VIEW,1720506157
user_015,india,SEARCH,1719897226
user_015,india,SEARCH,1720164750
user_015,india,SEARCH,1720223392
user_015,india,SEARCH,1720285976
user_015,india,VIEW,1719897719
user_015,india,VIEW,1720223698
user_015,south-korea,SEARCH,1719588279
user_015,south-korea,SEARCH,1720096845
user_015,south-korea,VIEW,1719588592
user_015,spain,SEARCH,1719819694
user_015,spain,SEARCH,1719864746
user_015,spain,SEARCH,1719969257
user_015,spain,VIEW,1719820221
user_015,thailand,BOOK,1719662314
user_015,thailand,BOOK,1719910362
user_015,thailand,SEARCH,1719661563
user_015,thailand,SEARCH,1719909341
user_015,thailand,VIEW,1719661737
user_015,thailand,VIEW,1719909884
user_016,brazil,BOOK,1719683935
user_016,brazil,SEARCH,1719683253
user_016,brazil,SEARCH,1720114773
user_016,brazil,VIEW,1719683535
user_016,brazil,VIEW,1720114893
user_016,costa-rica,SEARCH,1719444488
user_016,iceland,BOOK,1720159716
user_016,iceland,SEARCH,1719602386
user_016,iceland,SEARCH,1719941416
user_016,iceland,SEARCH,1720159121
user_016,iceland,SEARCH,1720370112
user_016,iceland,SEARCH,1720649379
user_016,iceland,VIEW,1720159190
user_016,iceland,VIEW,1720370479
user_016,india,BOOK,1720614845
user_016,india,SEARCH,1719715372
user_016,india,SEARCH,1719781925
user_016,india,SEARCH,1720614291
user_016,india,VIEW,1719782194
user_016,india,VIEW,1720614431
user_016,mexico,BOOK,1719408760
user_016,mexico,BOOK,1719456365
user_016,mexico,BOOK,1719948186
user_016,mexico,BOOK,1720086490
user_016,mexico,BOOK,1720305876
user_016,mexico,SEARCH,1719407907
user_016,mexico,SEARCH,1719455847
user_016,mexico,SEARCH,1719823200
user_016,mexico,SEARCH,1719888840
user_016,mexico,SEARCH,1719947427
user_016,mexico,SEARCH,1720017541
user_016,mexico,SEARCH,1720085508
user_016,mexico,SEARCH,1720227814
user_016,mexico,SEARCH,1720269403
user_016,mexico,SEARCH,1720304988
user_016,mexico,SEARCH,1720378373
user_016,mexico,SEARCH,1720404999
user_016,mexico,SEARCH,1720414732
user_016,mexico,SEARCH,1720536844
user_016,mexico,SEARCH,1720591895
user_016,mexico,SEARCH,1720696223
user_016,mexico,VIEW,1719408393
user_016,mexico,VIEW,1719456044
user_016,mexico,VIEW,1719823575
user_016,mexico,VIEW,1719947789
user_016,mexico,VIEW,1720086070
user_016,mexico,VIEW,1720227886
user_016,mexico,VIEW,1720269646
user_016,mexico,VIEW,1720305410
user_016,mexico,VIEW,1720378819
user_016,mexico,VIEW,1720405398
user_016,mexico,VIEW,1720415069
user_016,mexico,VIEW,1720536982
user_016,mexico,VIEW,1720696744
user_016,south-korea,BOOK,1720456029
user_016,south-korea,SEARCH,1720455554
user_016,south-korea,VIEW,1720455647
user_016,spain,SEARCH,1720124987
user_016,thailand,SEARCH,1719519059
user_016,thailand,VIEW,1719519314
user_017,brazil,SEARCH,1719677532
user_017,brazil,VIEW,1719678086
user_017,costa-rica,SEARCH,1718179713
user_017,france,BOOK,1718540169
user_017,france,SEARCH,1718539127
user_017,france,SEARCH,1719089328
user_017,france,VIEW,1718539720
user_017,iceland,SEARCH,1718651108
user_017,mexico,SEARCH,1718239701
user_017,mexico,SEARCH,1718583573
user_017,mexico,SEARCH,1719546198
user_017,mexico,VIEW,1718583697
user_017,south-korea,BOOK,1718462042
user_017,south-korea,BOOK,1719613840
user_017,south-korea,SEARCH,1718194377
user_017,south-korea,SEARCH,1718301658
user_017,south-korea,SEARCH,1718378678
user_017,south-korea,SEARCH,1718461105
user_017,south-korea,SEARCH,1718867421
user_017,south-korea,SEARCH,1718949294
user_017,south-korea,SEARCH,1719288656
user_017,south-korea,SEARCH,1719613488
user_017,south-korea,SEARCH,1719741148
user_017,south-korea,SEARCH,1719759937
user_017,south-korea,VIEW,1718301822
user_017,south-korea,VIEW,1718378843
user_017,south-korea,VIEW,1718461559
user_017,south-korea,VIEW,1718867686
user_017,south-korea,VIEW,1718949756
user_017,south-korea,VIEW,1719288803
user_017,south-korea,VIEW,1719613635
user_017,south-korea,VIEW,1719760108
user_017,spain,BOOK,1718737407
user_017,spain,BOOK,1719103441
user_017,spain,BOOK,1719387377
user_017,spain,SEARCH,1718736949
user_017,spain,SEARCH,1718785016
user_017,spain,SEARCH,1718913357
user_017,spain,SEARCH,1719025136
user_017,spain,SEARCH,1719102500
user_017,spain,SEARCH,1719229651
user_017,spain,SEARCH,1719339248
user_017,spain,SEARCH,1719386885
user_017,spain,SEARCH,1719464705
user_017,spain,VIEW,1718737209
user_017,spain,VIEW,1718785413
user_017,spain,VIEW,1719103071
user_017,spain,VIEW,1719339353
user_017,spain,VIEW,1719387053
user_017,spain,VIEW,1719464991
user_017,thailand,SEARCH,1719162718
user_018,brazil,BOOK,1718969747
user_018,brazil,SEARCH,1718968997
user_018,brazil,SEARCH,1719032535
user_018,brazil,SEARCH,1719508775
user_018,brazil,SEARCH,1719586310
user_018,brazil,SEARCH,1719681645
user_018,brazil,VIEW,1718969245
user_018,brazil,VIEW,1719508844
user_018,brazil,VIEW,1719586788
user_018,brazil,VIEW,1719681935
user_018,france,SEARCH,1719899342
user_018,germany,BOOK,1719760666
user_018,germany,SEARCH,1719759907
user_018,germany,VIEW,1719760490
user_018,iceland,SEARCH,1719212045
user_018,iceland,SEARCH,1719355033
user_018,iceland,SEARCH,1719423606
user_018,iceland,SEARCH,1719649049
user_018,iceland,VIEW,1719212461
user_018,iceland,VIEW,1719355591
user_018,japan,BOOK,1719836753
user_018,japan,SEARCH,1719835747
user_018,japan,SEARCH,1719879687
user_018,japan,VIEW,1719836258
user_018,japan,VIEW,1719880207
user_018,south-korea,BOOK,1719256101
user_018,south-korea,BOOK,1720012351
user_018,south-korea,SEARCH,1719255575
user_018,south-korea,SEARCH,1720011700
user_018,south-korea,VIEW,1719255721
user_018,south-korea,VIEW,1720012119
user_018,spain,BOOK,1719063546
user_018,spain,SEARCH,1719063171
user_018,spain,SEARCH,1719127379
user_018,spain,SEARCH,1719275401
user_018,spain,SEARCH,1719980276
user_018,spain,SEARCH,1720054233
user_018,spain,VIEW,1719063295
user_018,spain,VIEW,1719127940
user_018,spain,VIEW,1719275605
user_018,spain,VIEW,1719980774
user_018,spain,VIEW,1720054390
user_019,costa-rica,SEARCH,1720066442
user_019,costa-rica,SEARCH,1720490102
user_019,france,BOOK,1720142091
user_019,france,SEARCH,1720030345
user_019,france,SEARCH,1720141386
user_019,france,SEARCH,1720214066
user_019,france,SEARCH,1720345285
user_019,france,SEARCH,1720407201
user_019,france,VIEW,1720141543
user_019,france,VIEW,1720214134
user_019,france,VIEW,1720345766
user_019,france,VIEW,1720407544
user_019,iceland,SEARCH,1719737452
user_019,iceland,SEARCH,1719791023
user_019,iceland,SEARCH,1719907735
user_019,iceland,SEARCH,1720040846
user_019,iceland,SEARCH,1720313464
user_019,iceland,VIEW,1719737914
user_019,iceland,VIEW,1719791178
user_019,iceland,VIEW,1720041376
user_019,iceland,VIEW,1720313532
user_019,italy,BOOK,1720106725
user_019,italy,BOOK,1720361880
user_019,italy,SEARCH,1719843496
user_019,italy,SEARCH,1719981809
user_019,italy,SEARCH,1720106180
user_019,italy,SEARCH,1720273270
user_019,italy,SEARCH,1720290578
user_019,italy,SEARCH,1720361241
user_019,italy,VIEW,1719843891
user_019,italy,VIEW,1719982085
user_019,italy,VIEW,1720106496
user_019,italy,VIEW,1720273402
user_019,italy,VIEW,1720290944
user_019,italy,VIEW,1720361427
user_019,spain,SEARCH,1720045285
user_020,brazil,BOOK,1720175349
user_020,brazil,SEARCH,1720174559
user_020,brazil,VIEW,1720174870
user_020,costa-rica,BOOK,1720059189
user_020,costa-rica,SEARCH,1719458763
user_020,costa-rica,SEARCH,1719528593
user_020,costa-rica,SEARCH,1720058397
user_020,costa-rica,VIEW,1719459253
user_020,costa-rica,VIEW,1720058924
user_020,india,BOOK,1719649242
user_020,india,BOOK,1719929171
user_020,india,BOOK,1720003331
user_020,india,SEARCH,1719355116
user_020,india,SEARCH,1719437435
user_020,india,SEARCH,1719472656
user_020,india,SEARCH,1719648622
user_020,india,SEARCH,1719668736
user_020,india,SEARCH,1719706802
user_020,india,SEARCH,1719845056
user_020,india,SEARCH,1719924200
user_020,india,SEARCH,1719928429
user_020,india,SEARCH,1720002777
user_020,india,VIEW,1719355682
user_020,india,VIEW,1719472730
user_020,india,VIEW,1719649126
user_020,india,VIEW,1719668807
user_020,india,VIEW,1719928739
user_020,india,VIEW,1720003218
user_020,japan,SEARCH,1719726210
user_020,japan,SEARCH,1719956440
user_020,japan,VIEW,1719956929
user_020,spain,BOOK,1719766583
user_020,spain,SEARCH,1719613110
user_020,spain,SEARCH,1719765862
user_020,spain,SEARCH,1720144780
user_020,spain,VIEW,1719613237
user_020,spain,VIEW,1719766000
user_020,thailand,BOOK,1719588877
user_020,thailand,SEARCH,1719588284
user_020,thailand,SEARCH,1720013538
user_020,thailand,VIEW,1719588500
user_021,costa-rica,SEARCH,1719780494
user_021,costa-rica,VIEW,1719780660
user_021,france,BOOK,1720591755
user_021,france,SEARCH,1720591061
user_021,france,VIEW,1720591518
user_021,germany,BOOK,1720257384
user_021,germany,SEARCH,1720256794
user_021,germany,SEARCH,1720544954
user_021,germany,VIEW,1720256985
user_021,india,BOOK,1719957575
user_021,india,SEARCH,1719956843
user_021,india,VIEW,1719957237
user_021,italy,SEARCH,1719792413
user_021,italy,VIEW,1719792759
user_021,japan,SEARCH,1720642766
user_021,mexico,BOOK,1720092521
user_021,mexico,BOOK,1720156224
user_021,mexico,BOOK,1720295871
user_021,mexico,SEARCH,1719880038
user_021,mexico,SEARCH,1720091917
user_021,mexico,SEARCH,1720155865
user_021,mexico,SEARCH,1720295318
user_021,mexico,SEARCH,1720411819
user_021,mexico,SEARCH,1720720659
user_021,mexico,VIEW,1719880501
user_021,mexico,VIEW,1720092283
user_021,mexico,VIEW,1720156021
user_021,mexico,VIEW,1720295659
user_021,mexico,VIEW,1720721223
user_021,south-korea,SEARCH,1719979282
user_021,south-korea,VIEW,1719979453
user_021,spain,BOOK,1720025247
user_021,spain,BOOK,1720041376
user_021,spain,BOOK,1720339036
user_021,spain,BOOK,1720533328
user_021,spain,SEARCH,1719864781
user_021,spain,SEARCH,1719901356
user_021,spain,SEARCH,1720024441
user_021,spain,SEARCH,1720040880
user_021,spain,SEARCH,1720189082
user_021,spain,SEARCH,1720268153
user_021,spain,SEARCH,1720338462
user_021,spain,SEARCH,1720462939
user_021,spain,SEARCH,1720532800
user_021,spain,VIEW,1720024713
user_021,spain,VIEW,1720040981
user_021,spain,VIEW,1720189523
user_021,spain,VIEW,1720268617
user_021,spain,VIEW,1720338584
user_021,spain,VIEW,1720533044
user_021,thailand,SEARCH,1720227193
user_021,thailand,SEARCH,1720579488
user_021,thailand,VIEW,1720579801
user_022,france,BOOK,1719631431
user_022,france,SEARCH,1719104042
user_022,france,SEARCH,1719281371
user_022,france,SEARCH,1719631028
user_022,france,SEARCH,1719635368
user_022,france,SEARCH,1719693723
user_022,france,SEARCH,1719782075
user_022,france,SEARCH,1719795727
user_022,france,VIEW,1719281740
user_022,france,VIEW,1719631302
user_022,france,VIEW,1719694142
user_022,germany,BOOK,1719343631
user_022,germany,SEARCH,1719342822
user_022,germany,VIEW,1719343206
user_022,iceland,SEARCH,1719152571
user_022,iceland,VIEW,1719152691
user_022,japan,SEARCH,1719397065
user_022,japan,SEARCH,1719476169
user_022,japan,SEARCH,1719560381
user_022,japan,SEARCH,1719773671
user_022,japan,VIEW,1719397426
user_022,japan,VIEW,1719476262
user_022,japan,VIEW,1719773961
user_022,south-korea,BOOK,1719583271
user_022,south-korea,SEARCH,1719582581
user_022,south-korea,VIEW,1719582884
user_022,thailand,SEARCH,1719225478
user_022,thailand,SEARCH,1719871253
user_022,thailand,VIEW,1719871659
user_023,france,BOOK,1718399120
user_023,france,SEARCH,1718398425
user_023,france,SEARCH,1718976534
user_023,france,VIEW,1718398756
user_023,france,VIEW,1718976723
user_023,iceland,SEARCH,1718454328
user_023,iceland,SEARCH,1718950787
user_023,iceland,SEARCH,1719200335
user_023,iceland,SEARCH,1719457401
user_023,iceland,VIEW,1718454545
user_023,iceland,VIEW,1719200510
user_023,italy,BOOK,1718631586
user_023,italy,SEARCH,1718512149
user_023,italy,SEARCH,1718630928
user_023,italy,SEARCH,1718709477
user_023,italy,SEARCH,1718791003
user_023,italy,SEARCH,1718864724
user_023,italy,VIEW,1718631257
user_023,italy,VIEW,1718709624
user_023,italy,VIEW,1718865298
user_023,japan,BOOK,1719037982
user_023,japan,SEARCH,1719037530
user_023,japan,VIEW,1719037854
user_023,mexico,BOOK,1718497452
user_023,mexico,SEARCH,1718496815
user_023,mexico,SEARCH,1718849929
user_023,mexico,VIEW,1718497366
user_023,mexico,VIEW,1718850475
user_023,spain,SEARCH,1719354830
user_023,spain,VIEW,1719355160
user_023,thailand,BOOK,1718578460
user_023,thailand,BOOK,1719422263
user_023,thailand,SEARCH,1718577851
user_023,thailand,SEARCH,1719114406
user_023,thailand,SEARCH,1719280693
user_023,thailand,SEARCH,1719421320
user_023,thailand,SEARCH,1719463987
user_023,thailand,VIEW,1718578004
user_023,thailand,VIEW,1719114998
user_023,thailand,VIEW,1719280861
user_023,thailand,VIEW,1719421792
user_023,thailand,VIEW,1719464365
user_024,brazil,SEARCH,1718622409
user_024,costa-rica,BOOK,1718953329
user_024,costa-rica,BOOK,1719407592
user_024,costa-rica,SEARCH,1718787493
user_024,costa-rica,SEARCH,1718953024
user_024,costa-rica,SEARCH,1719194759
user_024,costa-rica,SEARCH,1719276221
user_024,costa-rica,SEARCH,1719406805
user_024,costa-rica,VIEW,1718953261
user_024,costa-rica,VIEW,1719195124
user_024,costa-rica,VIEW,1719276709
user_024,costa-rica,VIEW,1719407050
user_024,germany,BOOK,1718914617
user_024,germany,SEARCH,1718827432
user_024,germany,SEARCH,1718914010
user_024,germany,SEARCH,1718993395
user_024,germany,SEARCH,1719147969
user_024,germany,SEARCH,1719618420
user_024,germany,VIEW,1718828009
user_024,germany,VIEW,1718914162
user_024,germany,VIEW,1718993812
user_024,germany,VIEW,1719148139
user_024,iceland,SEARCH,1718750838
user_024,iceland,SEARCH,1718863506
user_024,iceland,SEARCH,1718947508
user_024,iceland,SEARCH,1719355383
user_024,iceland,SEARCH,1719544565
user_024,iceland,SEARCH,1719564403
user_024,iceland,VIEW,1718750927
user_024,iceland,VIEW,1718864022
user_024,iceland,VIEW,1718947779
user_024,iceland,VIEW,1719355670
user_024,iceland,VIEW,1719545005
user_024,iceland,VIEW,1719564535
user_024,italy,BOOK,1719485479
user_024,italy,SEARCH,1719484789
user_024,italy,VIEW,1719485192
user_024,south-korea,SEARCH,1718565014
user_024,south-korea,SEARCH,1719206754
user_024,south-korea,VIEW,1718565165
user_024,south-korea,VIEW,1719207227
user_024,spain,SEARCH,1719065936
user_024,spain,VIEW,1719066100
user_024,thailand,SEARCH,1718693988
user_025,brazil,SEARCH,1720038797
user_025,brazil,VIEW,1720039052
user_025,costa-rica,SEARCH,1720607658
user_025,costa-rica,VIEW,1720607882
user_025,germany,SEARCH,1719872431
user_025,germany,VIEW,1719872637
user_025,iceland,BOOK,1720352561
user_025,iceland,BOOK,1720411500
user_025,iceland,SEARCH,1719940389
user_025,iceland,SEARCH,1720119883
user_025,iceland,SEARCH,1720257207
user_025,iceland,SEARCH,1720352311
user_025,iceland,SEARCH,1720410966
user_025,iceland,SEARCH,1720454636
user_025,iceland,SEARCH,1720675051
user_025,iceland,SEARCH,1720743660
user_025,iceland,VIEW,1719940769
user_025,iceland,VIEW,1720257783
user_025,iceland,VIEW,1720352481
user_025,iceland,VIEW,1720411284
user_025,iceland,VIEW,1720455228
user_025,iceland,VIEW,1720675124
user_025,iceland,VIEW,1720744243
user_025,italy,BOOK,1719972249
user_025,italy,SEARCH,1719971877
user_025,italy,SEARCH,1720235648
user_025,italy,VIEW,1719972099
user_025,italy,VIEW,1720236121
user_025,south-korea,BOOK,1720184400
user_025,south-korea,SEARCH,1720183607
user_025,south-korea,SEARCH,1720266715
user_025,south-korea,SEARCH,1720472779
user_025,south-korea,VIEW,1720184203
user_025,south-korea,VIEW,1720472959
user_025,spain,SEARCH,1720032636
user_025,spain,SEARCH,1720075329
user_025,spain,SEARCH,1720556550
user_025,spain,VIEW,1720033088
user_025,spain,VIEW,1720075708
user_026,costa-rica,SEARCH,1719705358
user_026,costa-rica,SEARCH,1719724886
user_026,costa-rica,SEARCH,1719832975
user_026,costa-rica,VIEW,1719705715
user_026,costa-rica,VIEW,1719833198
user_026,france,SEARCH,1720048818
user_026,france,VIEW,1720049224
user_026,germany,SEARCH,1720505447
user_026,germany,SEARCH,1720668715
user_026,germany,SEARCH,1720729723
user_026,germany,SEARCH,1720757129
user_026,germany,SEARCH,1720811727
user_026,germany,SEARCH,1720953039
user_026,germany,VIEW,1720505509
user_026,germany,VIEW,1720669285
user_026,germany,VIEW,1720757320
user_026,germany,VIEW,1720812067
user_026,germany,VIEW,1720953313
user_026,india,BOOK,1720329530
user_026,india,SEARCH,1719806966
user_026,india,SEARCH,1720328970
user_026,india,VIEW,1720329048
user_026,italy,BOOK,1720876499
user_026,italy,SEARCH,1720228002
user_026,italy,SEARCH,1720875433
user_026,italy,VIEW,1720875915
user_026,japan,BOOK,1720559180
user_026,japan,SEARCH,1719767021
user_026,japan,SEARCH,1720273764
user_026,japan,SEARCH,1720558473
user_026,japan,SEARCH,1720605881
user_026,japan,VIEW,1719767268
user_026,japan,VIEW,1720273875
user_026,japan,VIEW,1720558701
user_026,mexico,SEARCH,1719969039
user_026,south-korea,SEARCH,1720162557
user_026,south-korea,SEARCH,1720345103
user_026,south-korea,VIEW,1720162672
user_026,thailand,SEARCH,1719750904
user_026,thailand,SEARCH,1719894782
user_026,thailand,SEARCH,1719962981
user_026,thailand,SEARCH,1720085562
user_026,thailand,SEARCH,1720308723
user_026,thailand,SEARCH,1720422780
user_026,thailand,SEARCH,1720486470
user_026,thailand,SEARCH,1720587621
user_026,thailand,VIEW,1719895209
user_026,thailand,VIEW,1719963492
user_026,thailand,VIEW,1720309241
user_026,thailand,VIEW,1720423189
user_026,thailand,VIEW,1720587901
user_027,brazil,BOOK,1719067100
user_027,brazil,BOOK,1719344717
user_027,brazil,BOOK,1719736530
user_027,brazil,SEARCH,1719007408
user_027,brazil,SEARCH,1719066723
user_027,brazil,SEARCH,1719243250
user_027,brazil,SEARCH,1719295340
user_027,brazil,SEARCH,1719344179
user_027,brazil,SEARCH,1719582362
user_027,brazil,SEARCH,1719735715
user_027,brazil,VIEW,1719066892
user_027,brazil,VIEW,1719344524
user_027,brazil,VIEW,1719582516
user_027,brazil,VIEW,1719736273
user_027,iceland,SEARCH,1719435435
user_027,iceland,SEARCH,1719511707
user_027,iceland,SEARCH,1719635086
user_027,iceland,VIEW,1719512305
user_027,iceland,VIEW,1719635602
user_027,india,BOOK,1719682380
user_027,india,SEARCH,1719139864
user_027,india,SEARCH,1719681576
user_027,india,SEARCH,1719752851
user_027,india,VIEW,1719682031
user_027,india,VIEW,1719752978
user_027,japan,SEARCH,1719212958
user_027,spain,SEARCH,1719167892
user_027,thailand,SEARCH,1719097018
user_027,thailand,SEARCH,1719157323
user_027,thailand,SEARCH,1719324563
user_027,thailand,SEARCH,1719349377
user_027,thailand,SEARCH,1719629787
user_027,thailand,VIEW,1719097371
user_027,thailand,VIEW,1719157781
user_027,thailand,VIEW,1719324699
user_027,thailand,VIEW,1719349477
user_028,brazil,BOOK,1720011893
user_028,brazil,BOOK,1720113933
user_028,brazil,SEARCH,1719566343
user_028,brazil,SEARCH,1719575438
user_028,brazil,SEARCH,1719652429
user_028,brazil,SEARCH,1719794292
user_028,brazil,SEARCH,1720011109
user_028,brazil,SEARCH,1720034748
user_028,brazil,SEARCH,1720113267
user_028,brazil,VIEW,1719652753
user_028,brazil,VIEW,1720011481
user_028,brazil,VIEW,1720035066
user_028,brazil,VIEW,1720113799
user_028,spain,SEARCH,1719713631
user_028,spain,SEARCH,1720247170
user_028,spain,SEARCH,1720299133
user_028,spain,SEARCH,1720360440
user_028,spain,SEARCH,1720425302
user_028,spain,VIEW,1719713812
user_028,spain,VIEW,1720247543
user_028,spain,VIEW,1720299365
user_028,spain,VIEW,1720360637
user_028,spain,VIEW,1720425860
user_028,thailand,BOOK,1719874288
user_028,thailand,SEARCH,1719812229
user_028,thailand,SEARCH,1719873912
user_028,thailand,SEARCH,1719949877
user_028,thailand,SEARCH,1719955587
user_028,thailand,SEARCH,1720150519
user_028,thailand,SEARCH,1720201487
user_028,thailand,VIEW,1719812597
user_028,thailand,VIEW,1719874003
user_028,thailand,VIEW,1719950084
user_028,thailand,VIEW,1719955791
user_028,thailand,VIEW,1720201787
user_029,brazil,BOOK,1720738071
user_029,brazil,SEARCH,1719640527
user_029,brazil,SEARCH,1719664477
user_029,brazil,SEARCH,1719721014
user_029,brazil,SEARCH,1719883608
user_029,brazil,SEARCH,1720099954
user_029,brazil,SEARCH,1720234039
user_029,brazil,SEARCH,1720275093
user_029,brazil,SEARCH,1720737453
user_029,brazil,VIEW,1719640853
user_029,brazil,VIEW,1719664834
user_029,brazil,VIEW,1720100543
user_029,brazil,VIEW,1720234549
user_029,brazil,VIEW,1720275314
user_029,brazil,VIEW,1720737900
user_029,costa-rica,SEARCH,1719608567
user_029,costa-rica,SEARCH,1719805400
user_029,costa-rica,SEARCH,1720440192
user_029,costa-rica,SEARCH,1720541332
user_029,costa-rica,VIEW,1719805603
user_029,france,BOOK,1719893795
user_029,france,BOOK,1720048027
user_029,france,SEARCH,1719893060
user_029,france,SEARCH,1720047460
user_029,france,SEARCH,1720415201
user_029,france,SEARCH,1720463141
user_029,france,SEARCH,1720573671
user_029,france,VIEW,1719893357
user_029,france,VIEW,1720047789
user_029,france,VIEW,1720415283
user_029,france,VIEW,1720463385
user_029,france,VIEW,1720574224
user_029,iceland,SEARCH,1719965546
user_029,iceland,SEARCH,1719975358
user_029,iceland,SEARCH,1720150686
user_029,iceland,VIEW,1719966003
user_029,india,SEARCH,1720333439
user_029,india,VIEW,1720333615
user_029,italy,SEARCH,1720654672
user_029,italy,VIEW,1720655255
user_029,thailand,SEARCH,1719538354
user_030,brazil,SEARCH,1720156729
user_030,brazil,VIEW,1720157045
user_030,germany,SEARCH,1719545939
user_030,germany,SEARCH,1720192977
user_030,germany,VIEW,1719546164
user_030,italy,BOOK,1719446577
user_030,italy,BOOK,1719618363
user_030,italy,BOOK,1719813010
user_030,italy,BOOK,1719944619
user_030,italy,SEARCH,1719445468
user_030,italy,SEARCH,1719526264
user_030,italy,SEARCH,1719617529
user_030,italy,SEARCH,1719812617
user_030,italy,SEARCH,1719868094
user_030,italy,SEARCH,1719943860
user_030,italy,VIEW,1719446022
user_030,italy,VIEW,1719618034
user_030,italy,VIEW,1719812914
user_030,italy,VIEW,1719944276
user_030,mexico,SEARCH,1719145957
user_030,mexico,VIEW,1719146458
user_030,south-korea,BOOK,1719258134
user_030,south-korea,BOOK,1719309135
user_030,south-korea,BOOK,1720274328
user_030,south-korea,SEARCH,1718997970
user_030,south-korea,SEARCH,1719071324
user_030,south-korea,SEARCH,1719257511
user_030,south-korea,SEARCH,1719262731
user_030,south-korea,SEARCH,1719308598
user_030,south-korea,SEARCH,1719594703
user_030,south-korea,SEARCH,1720008084
user_030,south-korea,SEARCH,1720273450
user_030,south-korea,SEARCH,1720340633
user_030,south-korea,SEARCH,1720370992
user_030,south-korea,VIEW,1719071479
user_030,south-korea,VIEW,1719257656
user_030,south-korea,VIEW,1719263323
user_030,south-korea,VIEW,1719308816
user_030,south-korea,VIEW,1719594816
user_030,south-korea,VIEW,1720008148
user_030,south-korea,VIEW,1720273918
user_030,south-korea,VIEW,1720340968
user_030,south-korea,VIEW,1720371323
user_030,spain,SEARCH,1720234843
user_030,spain,VIEW,1720235264
user_030,thailand,BOOK,1719702993
user_030,thailand,BOOK,1719730344
user_030,thailand,SEARCH,1719219941
user_030,thailand,SEARCH,1719387240
user_030,thailand,SEARCH,1719701930
user_030,thailand,SEARCH,1719729684
user_030,thailand,SEARCH,1719837306
user_030,thailand,SEARCH,1720085444
user_030,thailand,SEARCH,1720200692
user_030,thailand,VIEW,1719220391
user_030,thailand,VIEW,1719702400
user_030,thailand,VIEW,1719729754
user_030,thailand,VIEW,1719837775
user_030,thailand,VIEW,1720200821
user_031,brazil,SEARCH,1720658340
user_031,brazil,VIEW,1720658861
user_031,germany,SEARCH,1719417280
user_031,germany,SEARCH,1719491918
user_031,germany,SEARCH,1719571825
user_031,germany,VIEW,1719492358
user_031,iceland,SEARCH,1719894347
user_031,india,BOOK,1719799824
user_031,india,SEARCH,1719717830
user_031,india,SEARCH,1719799069
user_031,india,SEARCH,1719968783
user_031,india,SEARCH,1720045508
user_031,india,SEARCH,1720050857
user_031,india,SEARCH,1720461570
user_031,india,SEARCH,1720523025
user_031,india,SEARCH,1720606625
user_031,india,SEARCH,1720693509
user_031,india,VIEW,1719799499
user_031,india,VIEW,1720045768
user_031,india,VIEW,1720523318
user_031,india,VIEW,1720693674
user_031,mexico,BOOK,1720180958
user_031,mexico,BOOK,1720286310
user_031,mexico,SEARCH,1719834835
user_031,mexico,SEARCH,1719935031
user_031,mexico,SEARCH,1720137314
user_031,mexico,SEARCH,1720180623
user_031,mexico,SEARCH,1720285506
user_031,mexico,SEARCH,1720365782
user_031,mexico,SEARCH,1720406924
user_031,mexico,SEARCH,1720509600
user_031,mexico,SEARCH,1720679098
user_031,mexico,VIEW,1719835246
user_031,mexico,VIEW,1720180731
user_031,mexico,VIEW,1720285829
user_031,mexico,VIEW,1720407506
user_031,thailand,BOOK,1719745462
user_031,thailand,SEARCH,1719642667
user_031,thailand,SEARCH,1719744804
user_031,thailand,SEARCH,1720247338
user_031,thailand,VIEW,1719642858
user_031,thailand,VIEW,1719745394
user_032,costa-rica,BOOK,1719818350
user_032,costa-rica,BOOK,1720159914
user_032,costa-rica,SEARCH,1719296254
user_032,costa-rica,SEARCH,1719438708
user_032,costa-rica,SEARCH,1719817654
user_032,costa-rica,SEARCH,1720029683
user_032,costa-rica,SEARCH,1720159099
user_032,costa-rica,SEARCH,1720369495
user_032,costa-rica,VIEW,1719296630
user_032,costa-rica,VIEW,1719439213
user_032,costa-rica,VIEW,1719817827
user_032,costa-rica,VIEW,1720159651
user_032,costa-rica,VIEW,1720369616
user_032,france,SEARCH,1719719799
user_032,france,SEARCH,1720192172
user_032,france,VIEW,1719720128
user_032,france,VIEW,1720192676
user_032,germany,BOOK,1720353344
user_032,germany,BOOK,1720437719
user_032,germany,SEARCH,1719363887
user_032,germany,SEARCH,1719581226
user_032,germany,SEARCH,1720352975
user_032,germany,SEARCH,1720437016
user_032,germany,VIEW,1719364225
user_032,germany,VIEW,1719581592
user_032,germany,VIEW,1720353193
user_032,germany,VIEW,1720437273
user_032,italy,SEARCH,1720083362
user_032,japan,SEARCH,1719993268
user_032,mexico,SEARCH,1719804408
user_032,mexico,VIEW,1719804746
user_032,thailand,BOOK,1719507315
user_032,thailand,BOOK,1719664891
user_032,thailand,BOOK,1719889761
user_032,thailand,BOOK,1719943217
user_032,thailand,SEARCH,1719317149
user_032,thailand,SEARCH,1719506321
user_032,thailand,SEARCH,1719512668
user_032,thailand,SEARCH,1719663942
user_032,thailand,SEARCH,1719847126
user_032,thailand,SEARCH,1719853736
user_032,thailand,SEARCH,1719888706
user_032,thailand,SEARCH,1719942610
user_032,thailand,SEARCH,1719956634
user_032,thailand,SEARCH,1720037988
user_032,thailand,SEARCH,1720273144
user_032,thailand,SEARCH,1720387509
user_032,thailand,VIEW,1719317238
user_032,thailand,VIEW,1719506833
user_032,thailand,VIEW,1719513080
user_032,thailand,VIEW,1719664384
user_032,thailand,VIEW,1719854084
user_032,thailand,VIEW,1719889271
user_032,thailand,VIEW,1719943008
user_032,thailand,VIEW,1720038581
user_033,brazil,BOOK,1718694068
user_033,brazil,SEARCH,1718693767
user_033,brazil,SEARCH,1719008882
user_033,brazil,SEARCH,1719091806
user_033,brazil,VIEW,1718693940
user_033,brazil,VIEW,1719009353
user_033,brazil,VIEW,1719092188
user_033,costa-rica,SEARCH,1718411794
user_033,costa-rica,SEARCH,1718830169
user_033,costa-rica,SEARCH,1718982921
user_033,france,BOOK,1718721604
user_033,france,SEARCH,1718647071
user_033,france,SEARCH,1718721274
user_033,france,VIEW,1718647667
user_033,france,VIEW,1718721443
user_033,germany,SEARCH,1718803371
user_033,germany,SEARCH,1718873703
user_033,germany,SEARCH,1718903022
user_033,germany,VIEW,1718874294
user_033,germany,VIEW,1718903265
user_033,india,SEARCH,1718486745
user_033,india,SEARCH,1718818014
user_033,india,VIEW,1718487323
user_033,india,VIEW,1718818443
user_033,mexico,BOOK,1718398943
user_033,mexico,SEARCH,1718397988
user_033,mexico,SEARCH,1718789874
user_033,mexico,VIEW,1718398404
user_033,mexico,VIEW,1718790196
user_033,south-korea,SEARCH,1718572401
user_033,south-korea,VIEW,1718572705
user_034,brazil,SEARCH,1718918835
user_034,brazil,SEARCH,1719075195
user_034,brazil,SEARCH,1719142023
user_034,brazil,SEARCH,1719370296
user_034,brazil,SEARCH,1719654502
user_034,brazil,VIEW,1719142487
user_034,costa-rica,BOOK,1719443181
user_034,costa-rica,SEARCH,1719442934
user_034,costa-rica,VIEW,1719443008
user_034,france,BOOK,1718593759
user_034,france,BOOK,1718672120
user_034,france,BOOK,1718724830
user_034,france,BOOK,1718939242
user_034,france,BOOK,1718949515
user_034,france,SEARCH,1718593103
user_034,france,SEARCH,1718671540
user_034,france,SEARCH,1718724165
user_034,france,SEARCH,1718938720
user_034,france,SEARCH,1718948835
user_034,france,SEARCH,1719450304
user_034,france,VIEW,1718593472
user_034,france,VIEW,1718671696
user_034,france,VIEW,1718724463
user_034,france,VIEW,1718938791
user_034,france,VIEW,1718949229
user_034,france,VIEW,1719450572
user_034,germany,SEARCH,1719671737
user_034,germany,VIEW,1719671887
user_034,india,BOOK,1719548730
user_034,india,SEARCH,1718448639
user_034,india,SEARCH,1718600585
user_034,india,SEARCH,1718803487
user_034,india,SEARCH,1719404604
user_034,india,SEARCH,1719548548
user_034,india,VIEW,1719548662
user_034,italy,BOOK,1719536836
user_034,italy,SEARCH,1719536159
user_034,italy,VIEW,1719536237
user_034,japan,SEARCH,1718511321
user_034,japan,SEARCH,1719599881
user_034,south-korea,BOOK,1718871289
user_034,south-korea,BOOK,1719013062
user_034,south-korea,BOOK,1719262051
user_034,south-korea,SEARCH,1718870472
user_034,south-korea,SEARCH,1719011984
user_034,south-korea,SEARCH,1719036525
user_034,south-korea,SEARCH,1719215061
user_034,south-korea,SEARCH,1719261383
user_034,south-korea,SEARCH,1719307945
user_034,south-korea,SEARCH,1719419670
user_034,south-korea,VIEW,1718870839
user_034,south-korea,VIEW,1719012560
user_034,south-korea,VIEW,1719037072
user_034,south-korea,VIEW,1719261558
user_034,south-korea,VIEW,1719308317
user_035,brazil,BOOK,1718640119
user_035,brazil,BOOK,1719122179
user_035,brazil,BOOK,1719176124
user_035,brazil,SEARCH,1718639479
user_035,brazil,SEARCH,1718675047
user_035,brazil,SEARCH,1718761012
user_035,brazil,SEARCH,1718801427
user_035,brazil,SEARCH,1719121490
user_035,brazil,SEARCH,1719175334
user_035,brazil,SEARCH,1719335072
user_035,brazil,VIEW,1718639699
user_035,brazil,VIEW,1718801889
user_035,brazil,VIEW,1719121631
user_035,brazil,VIEW,1719175897
user_035,brazil,VIEW,1719335384
user_035,france,SEARCH,1718999487
user_035,france,SEARCH,1719086995
user_035,france,SEARCH,1719266477
user_035,france,VIEW,1718999688
user_035,france,VIEW,1719087328
user_035,france,VIEW,1719266746
user_035,iceland,SEARCH,1718918941
user_035,iceland,VIEW,1718919460
user_035,italy,BOOK,1719060655
user_035,italy,SEARCH,1719060253
user_035,italy,VIEW,1719060474
user_035,japan,SEARCH,1719233371
user_035,south-korea,SEARCH,1718873889
user_035,south-korea,VIEW,1718874181
user_035,spain,BOOK,1719069149
user_035,spain,SEARCH,1719068328
user_035,spain,VIEW,1719068809
user_036,brazil,BOOK,1719291290
user_036,brazil,BOOK,1719774209
user_036,brazil,SEARCH,1719091880
user_036,brazil,SEARCH,1719127790
user_036,brazil,SEARCH,1719138539
user_036,brazil,SEARCH,1719180081
user_036,brazil,SEARCH,1719202800
user_036,brazil,SEARCH,1719290484
user_036,brazil,SEARCH,1719360221
user_036,brazil,SEARCH,1719395939
user_036,brazil,SEARCH,1719697791
user_036,brazil,SEARCH,1719773671
user_036,brazil,SEARCH,1719951956
user_036,brazil,VIEW,1719127890
user_036,brazil,VIEW,1719180442
user_036,brazil,VIEW,1719291067
user_036,brazil,VIEW,1719360576
user_036,brazil,VIEW,1719396242
user_036,brazil,VIEW,1719773868
user_036,france,SEARCH,1719535395
user_036,france,VIEW,1719535505
user_036,iceland,BOOK,1719301514
user_036,iceland,SEARCH,1719301093
user_036,iceland,VIEW,1719301306
user_036,india,BOOK,1719930933
user_036,india,SEARCH,1719249019
user_036,india,SEARCH,1719847058
user_036,india,SEARCH,1719930195
user_036,india,SEARCH,1720021387
user_036,india,VIEW,1719249544
user_036,india,VIEW,1719847177
user_036,india,VIEW,1719930549
user_036,japan,SEARCH,1719221385
user_036,japan,SEARCH,1719458306
user_036,japan,VIEW,1719221583
user_036,japan,VIEW,1719458372
user_036,mexico,SEARCH,1719390944
user_036,mexico,SEARCH,1719571997
user_036,mexico,VIEW,1719391016
user_036,south-korea,BOOK,1719544548
user_036,south-korea,SEARCH,1719544034
user_036,south-korea,SEARCH,1719651724
user_036,south-korea,SEARCH,1720050654
user_036,south-korea,VIEW,1719544399
user_036,south-korea,VIEW,1720051190
user_036,thailand,SEARCH,1719275030
user_036,thailand,VIEW,1719275183
user_037,brazil,BOOK,1718560557
user_037,brazil,BOOK,1719089813
user_037,brazil,SEARCH,1718559566
user_037,brazil,SEARCH,1719089080
user_037,brazil,VIEW,1718560162
user_037,brazil,VIEW,1719089274
user_037,costa-rica,BOOK,1718325326
user_037,costa-rica,SEARCH,1718324864
user_037,costa-rica,VIEW,1718325247
user_037,france,SEARCH,1718067952
user_037,france,SEARCH,1718696049
user_037,france,VIEW,1718696227
user_037,germany,SEARCH,1718313439
user_037,germany,SEARCH,1718534639
user_037,germany,VIEW,1718535217
user_037,iceland,BOOK,1718847728
user_037,iceland,BOOK,1718924337
user_037,iceland,BOOK,1718999397
user_037,iceland,BOOK,1719015294
user_037,iceland,SEARCH,1718375671
user_037,iceland,SEARCH,1718468944
user_037,iceland,SEARCH,1718631969
user_037,iceland,SEARCH,1718777826
user_037,iceland,SEARCH,1718827043
user_037,iceland,SEARCH,1718846802
user_037,iceland,SEARCH,1718923752
user_037,iceland,SEARCH,1718999197
user_037,iceland,SEARCH,1719014399
user_037,iceland,SEARCH,1719154790
user_037,iceland,VIEW,1718469036
user_037,iceland,VIEW,1718827396
user_037,iceland,VIEW,1718847142
user_037,iceland,VIEW,1718924102
user_037,iceland,VIEW,1718999286
user_037,iceland,VIEW,1719014915
user_037,italy,SEARCH,1718171667
user_037,italy,VIEW,1718171925
user_037,japan,SEARCH,1718238728
user_037,japan,SEARCH,1719286486
user_037,japan,SEARCH,1719331305
user_037,japan,VIEW,1718238927
user_037,japan,VIEW,1719286612
user_037,japan,VIEW,1719331674
user_037,mexico,BOOK,1718424758
user_037,mexico,BOOK,1718504452
user_037,mexico,SEARCH,1718023692
user_037,mexico,SEARCH,1718086863
user_037,mexico,SEARCH,1718424071
user_037,mexico,SEARCH,1718503932
user_037,mexico,SEARCH,1718795477
user_037,mexico,SEARCH,1719239460
user_037,mexico,SEARCH,1719313018
user_037,mexico,VIEW,1718424300
user_037,mexico,VIEW,1718504213
user_037,mexico,VIEW,1718795560
user_037,mexico,VIEW,1719239921
user_037,mexico,VIEW,1719313208
user_038,costa-rica,SEARCH,1719431107
user_038,germany,SEARCH,1718898543
user_038,germany,SEARCH,1719227495
user_038,germany,SEARCH,1719396159
user_038,germany,SEARCH,1719510730
user_038,germany,SEARCH,1719570680
user_038,germany,VIEW,1719227571
user_038,germany,VIEW,1719396409
user_038,iceland,SEARCH,1719026958
user_038,iceland,VIEW,1719027109
user_038,italy,SEARCH,1719207085
user_038,japan,SEARCH,1719048009
user_038,south-korea,SEARCH,1719332833
user_038,south-korea,VIEW,1719333077
user_038,spain,BOOK,1718882955
user_038,spain,BOOK,1718922737
user_038,spain,SEARCH,1718775692
user_038,spain,SEARCH,1718882376
user_038,spain,SEARCH,1718921761
user_038,spain,VIEW,1718775993
user_038,spain,VIEW,1718882507
user_038,spain,VIEW,1718922220
user_038,thailand,SEARCH,1718714529
user_038,thailand,SEARCH,1718854992
user_038,thailand,SEARCH,1718966007
user_038,thailand,SEARCH,1719059010
user_038,thailand,SEARCH,1719094218
user_038,thailand,SEARCH,1719155773
user_038,thailand,SEARCH,1719249525
user_038,thailand,SEARCH,1719529716
user_038,thailand,SEARCH,1719586467
user_038,thailand,VIEW,1718855526
user_038,thailand,VIEW,1719059437
user_038,thailand,VIEW,1719094681
user_038,thailand,VIEW,1719156010
user_038,thailand,VIEW,1719529857
user_038,thailand,VIEW,1719586606
user_039,costa-rica,SEARCH,1718740115
user_039,costa-rica,VIEW,1718740471
user_039,france,SEARCH,1719066731
user_039,france,SEARCH,1719174366
user_039,france,VIEW,1719067287
user_039,germany,SEARCH,1719354552
user_039,iceland,BOOK,1719281068
user_039,iceland,SEARCH,1718818328
user_039,iceland,SEARCH,1718904349
user_039,iceland,SEARCH,1719257094
user_039,iceland,SEARCH,1719280477
user_039,iceland,SEARCH,1719442427
user_039,iceland,VIEW,1718818561
user_039,iceland,VIEW,1718904493
user_039,iceland,VIEW,1719257393
user_039,iceland,VIEW,1719280549
user_039,india,BOOK,1719200695
user_039,india,SEARCH,1719200402
user_039,india,VIEW,1719200517
user_039,italy,SEARCH,1719116424
user_039,south-korea,BOOK,1719478754
user_039,south-korea,SEARCH,1719478251
user_039,south-korea,VIEW,1719478510
user_039,spain,BOOK,1718945319
user_039,spain,SEARCH,1718944649
user_039,spain,SEARCH,1719028237
user_039,spain,SEARCH,1719404687
user_039,spain,VIEW,1718944996
user_039,spain,VIEW,1719028451
user_039,spain,VIEW,1719405026
user_040,costa-rica,BOOK,1719214298
user_040,costa-rica,SEARCH,1719213410
user_040,costa-rica,VIEW,1719213907
user_040,italy,SEARCH,1719345031
user_040,italy,SEARCH,1719673661
user_040,italy,VIEW,1719673757
user_040,spain,BOOK,1719150240
user_040,spain,BOOK,1719254955
user_040,spain,SEARCH,1719109128
user_040,spain,SEARCH,1719149748
user_040,spain,SEARCH,1719254377
user_040,spain,SEARCH,1719338524
user_040,spain,SEARCH,1719583323
user_040,spain,VIEW,1719149921
user_040,spain,VIEW,1719254834
user_040,spain,VIEW,1719338656
user_040,thailand,BOOK,1719102328
user_040,thailand,BOOK,1719469027
user_040,thailand,BOOK,1719489937
user_040,thailand,SEARCH,1719101559
user_040,thailand,SEARCH,1719128973
user_040,thailand,SEARCH,1719282207
user_040,thailand,SEARCH,1719300526
user_040,thailand,SEARCH,1719399872
user_040,thailand,SEARCH,1719468833
user_040,thailand,SEARCH,1719489066
user_040,thailand,SEARCH,1719541576
user_040,thailand,SEARCH,1719612058
user_040,thailand,VIEW,1719101978
user_040,thailand,VIEW,1719282472
user_040,thailand,VIEW,1719300809
user_040,thailand,VIEW,1719400332
user_040,thailand,VIEW,1719468964
user_040,thailand,VIEW,1719489467
user_040,thailand,VIEW,1719612227
user_041,brazil,BOOK,1718380857
user_041,brazil,BOOK,1718783825
user_041,brazil,SEARCH,1718117554
user_041,brazil,SEARCH,1718207143
user_041,brazil,SEARCH,1718380189
user_041,brazil,SEARCH,1718688037
user_041,brazil,SEARCH,1718758062
user_041,brazil,SEARCH,1718783359
user_041,brazil,SEARCH,1718858428
user_041,brazil,VIEW,1718118029
user_041,brazil,VIEW,1718380372
user_041,brazil,VIEW,1718688405
user_041,brazil,VIEW,1718758274
user_041,brazil,VIEW,1718783474
user_041,brazil,VIEW,1718858984
user_041,france,BOOK,1719097326
user_041,france,SEARCH,1719096802
user_041,france,VIEW,1719097205
user_041,germany,BOOK,1718201468
user_041,germany,SEARCH,1718201283
user_041,germany,SEARCH,1718223869
user_041,germany,SEARCH,1718457431
user_041,germany,SEARCH,1718618580
user_041,germany,SEARCH,1718968419
user_041,germany,SEARCH,1719162117
user_041,germany,VIEW,1718201362
user_041,germany,VIEW,1718457532
user_041,germany,VIEW,1718618818
user_041,germany,VIEW,1719162528
user_041,iceland,BOOK,1718717958
user_041,iceland,BOOK,1719045943
user_041,iceland,SEARCH,1718192552
user_041,iceland,SEARCH,1718241531
user_041,iceland,SEARCH,1718298375
user_041,iceland,SEARCH,1718717222
user_041,iceland,SEARCH,1719044976
user_041,iceland,VIEW,1718241816
user_041,iceland,VIEW,1718298575
user_041,iceland,VIEW,1718717379
user_041,iceland,VIEW,1719045501
user_041,japan,BOOK,1718921901
user_041,japan,SEARCH,1718921019
user_041,japan,VIEW,1718921508
user_041,south-korea,SEARCH,1718831558
user_041,south-korea,VIEW,1718831662
user_041,spain,BOOK,1718546081
user_041,spain,SEARCH,1718545263
user_041,spain,VIEW,1718545810
user_041,thailand,SEARCH,1718463625
user_041,thailand,SEARCH,1719021722
user_041,thailand,VIEW,1718463691
user_041,thailand,VIEW,1719022264
user_042,brazil,SEARCH,1719219068
user_042,brazil,SEARCH,1719560863
user_042,brazil,SEARCH,1719627240
user_042,brazil,SEARCH,1719791056
user_042,brazil,VIEW,1719219531
user_042,france,SEARCH,1719025954
user_042,india,SEARCH,1719707426
user_042,japan,SEARCH,1719355699
user_042,japan,VIEW,1719356224
user_042,mexico,SEARCH,1719856880
user_042,mexico,VIEW,1719857239
user_042,south-korea,BOOK,1719148839
user_042,south-korea,SEARCH,1719148669
user_042,south-korea,VIEW,1719148734
user_042,spain,BOOK,1719741766
user_042,spain,BOOK,1719870268
user_042,spain,SEARCH,1719066689
user_042,spain,SEARCH,1719413156
user_042,spain,SEARCH,1719465157
user_042,spain,SEARCH,1719579439
user_042,spain,SEARCH,1719740848
user_042,spain,SEARCH,1719869876
user_042,spain,VIEW,1719067001
user_042,spain,VIEW,1719579540
user_042,spain,VIEW,1719741423
user_042,spain,VIEW,1719870025
user_042,thailand,BOOK,1719276809
user_042,thailand,SEARCH,1719254815
user_042,thailand,SEARCH,1719276285
user_042,thailand,SEARCH,1719417469
user_042,thailand,SEARCH,1719549534
user_042,thailand,SEARCH,1719592161
user_042,thailand,VIEW,1719276437
user_042,thailand,VIEW,1719549676
user_043,brazil,SEARCH,1719928706
user_043,brazil,SEARCH,1720696028
user_043,brazil,VIEW,1719929109
user_043,brazil,VIEW,1720696177
user_043,costa-rica,SEARCH,1720754765
user_043,germany,SEARCH,1720020384
user_043,germany,SEARCH,1720030833
user_043,germany,SEARCH,1720219358
user_043,germany,SEARCH,1720350178
user_043,germany,SEARCH,1720599610
user_043,germany,VIEW,1720020676
user_043,germany,VIEW,1720219796
user_043,germany,VIEW,1720350540
user_043,india,SEARCH,1720116044
user_043,india,VIEW,1720116396
user_043,italy,BOOK,1720469849
user_043,italy,SEARCH,1720325595
user_043,italy,SEARCH,1720468906
user_043,italy,VIEW,1720469505
user_043,mexico,BOOK,1720651628
user_043,mexico,SEARCH,1719975889
user_043,mexico,SEARCH,1720268559
user_043,mexico,SEARCH,1720429695
user_043,mexico,SEARCH,1720544164
user_043,mexico,SEARCH,1720651118
user_043,mexico,VIEW,1719976417
user_043,mexico,VIEW,1720268785
user_043,mexico,VIEW,1720430101
user_043,mexico,VIEW,1720651556
user_043,thailand,SEARCH,1719834993
user_043,thailand,SEARCH,1719894215
user_043,thailand,SEARCH,1720140352
user_043,thailand,SEARCH,1720452525
user_043,thailand,VIEW,1719835353
user_043,thailand,VIEW,1719894573
user_043,thailand,VIEW,1720452900
user_044,brazil,SEARCH,1718756230
user_044,costa-rica,BOOK,1718421263
user_044,costa-rica,SEARCH,1718420164
user_044,costa-rica,VIEW,1718420729
user_044,france,BOOK,1719244953
user_044,france,SEARCH,1719244270
user_044,france,VIEW,1719244534
user_044,iceland,SEARCH,1719285118
user_044,iceland,VIEW,1719285538
user_044,india,SEARCH,1718301233
user_044,india,SEARCH,1718376523
user_044,india,SEARCH,1718527080
user_044,india,SEARCH,1718805823
user_044,india,SEARCH,1718948064
user_044,india,SEARCH,1719030942
user_044,india,SEARCH,1719214922
user_044,india,VIEW,1718376879
user_044,india,VIEW,1718527632
user_044,india,VIEW,1718948495
user_044,italy,SEARCH,1719398960
user_044,mexico,SEARCH,1718514082
user_044,mexico,VIEW,1718514392
user_044,south-korea,BOOK,1718619999
user_044,south-korea,BOOK,1718864603
user_044,south-korea,BOOK,1719083248
user_044,south-korea,SEARCH,1718314095
user_044,south-korea,SEARCH,1718619414
user_044,south-korea,SEARCH,1718863864
user_044,south-korea,SEARCH,1719082934
user_044,south-korea,SEARCH,1719143927
user_044,south-korea,VIEW,1718314539
user_044,south-korea,VIEW,1718619801
user_044,south-korea,VIEW,1718864028
user_044,south-korea,VIEW,1719083074
user_044,thailand,BOOK,1718941993
user_044,thailand,SEARCH,1718354443
user_044,thailand,SEARCH,1718445113
user_044,thailand,SEARCH,1718593951
user_044,thailand,SEARCH,1718659452
user_044,thailand,SEARCH,1718673903
user_044,thailand,SEARCH,1718799682
user_044,thailand,SEARCH,1718941679
user_044,thailand,SEARCH,1719038547
user_044,thailand,SEARCH,1719224375
user_044,thailand,SEARCH,1719370051
user_044,thailand,VIEW,1718445656
user_044,thailand,VIEW,1718594393
user_044,thailand,VIEW,1718659876
user_044,thailand,VIEW,1718800113
user_044,thailand,VIEW,1718941855
user_044,thailand,VIEW,1719038834
user_044,thailand,VIEW,1719370180
user_045,costa-rica,BOOK,1719327391
user_045,costa-rica,SEARCH,1719326897
user_045,costa-rica,VIEW,1719327285
user_045,germany,SEARCH,1718565509
user_045,germany,SEARCH,1718677867
user_045,germany,SEARCH,1718693370
user_045,germany,SEARCH,1718917614
user_045,germany,SEARCH,1719062064
user_045,germany,SEARCH,1719276285
user_045,germany,VIEW,1718678034
user_045,germany,VIEW,1718693840
user_045,germany,VIEW,1718917784
user_045,germany,VIEW,1719062626
user_045,germany,VIEW,1719276614
user_045,iceland,BOOK,1719017646
user_045,iceland,SEARCH,1718424846
user_045,iceland,SEARCH,1718625559
user_045,iceland,SEARCH,1719017009
user_045,iceland,SEARCH,1719137485
user_045,iceland,VIEW,1718425438
user_045,iceland,VIEW,1719017252
user_045,italy,BOOK,1719157741
user_045,italy,SEARCH,1719157200
user_045,italy,VIEW,1719157645
user_045,japan,SEARCH,1719004306
user_045,south-korea,BOOK,1718720597
user_045,south-korea,SEARCH,1718719718
user_045,south-korea,SEARCH,1719183225
user_045,south-korea,SEARCH,1719251095
user_045,south-korea,VIEW,1718720124
user_045,south-korea,VIEW,1719251657
user_045,spain,SEARCH,1718379266
user_045,spain,VIEW,1718379760
user_045,thailand,BOOK,1718503340
user_045,thailand,SEARCH,1718502491
user_045,thailand,SEARCH,1718790110
user_045,thailand,SEARCH,1718846508
user_045,thailand,SEARCH,1719031433
user_045,thailand,VIEW,1718502886
user_046,iceland,BOOK,1718888578
user_046,iceland,SEARCH,1718841669
user_046,iceland,SEARCH,1718887628
user_046,iceland,SEARCH,1719136985
user_046,iceland,SEARCH,1719293209
user_046,iceland,VIEW,1718842002
user_046,iceland,VIEW,1718888018
user_046,iceland,VIEW,1719137456
user_046,india,SEARCH,1718936483
user_046,india,SEARCH,1719402627
user_046,india,SEARCH,1719460916
user_046,india,VIEW,1718936713
user_046,india,VIEW,1719403132
user_046,india,VIEW,1719461140
user_046,spain,BOOK,1718967576
user_046,spain,BOOK,1719001750
user_046,spain,SEARCH,1718749450
user_046,spain,SEARCH,1718967189
user_046,spain,SEARCH,1719001254
user_046,spain,SEARCH,1719061877
user_046,spain,SEARCH,1719213413
user_046,spain,SEARCH,1719366967
user_046,spain,SEARCH,1719479925
user_046,spain,VIEW,1718749760
user_046,spain,VIEW,1718967468
user_046,spain,VIEW,1719001411
user_046,spain,VIEW,1719062246
user_046,spain,VIEW,1719367088
user_046,thailand,BOOK,1718763122
user_046,thailand,SEARCH,1718762324
user_046,thailand,VIEW,1718762729
user_047,brazil,SEARCH,1718334198
user_047,brazil,SEARCH,1719271023
user_047,france,BOOK,1718520458
user_047,france,BOOK,1719526060
user_047,france,SEARCH,1718519709
user_047,france,SEARCH,1718565322
user_047,france,SEARCH,1718600305
user_047,france,SEARCH,1718661993
user_047,france,SEARCH,1719092558
user_047,france,SEARCH,1719378513
user_047,france,SEARCH,1719525363
user_047,france,VIEW,1718520306
user_047,france,VIEW,1718600512
user_047,france,VIEW,1718662110
user_047,france,VIEW,1719525851
user_047,germany,BOOK,1719442535
user_047,germany,SEARCH,1719046082
user_047,germany,SEARCH,1719442086
user_047,germany,VIEW,1719442267
user_047,iceland,BOOK,1719150849
user_047,iceland,SEARCH,1719150131
user_047,iceland,VIEW,1719150653
user_047,india,SEARCH,1718969944
user_047,india,VIEW,1718970271
user_047,japan,BOOK,1718823158
user_047,japan,SEARCH,1718441913
user_047,japan,SEARCH,1718680959
user_047,japan,SEARCH,1718822536
user_047,japan,SEARCH,1718884502
user_047,japan,SEARCH,1718952785
user_047,japan,SEARCH,1719191779
user_047,japan,VIEW,1718442058
user_047,japan,VIEW,1718681505
user_047,japan,VIEW,1718822857
user_047,japan,VIEW,1718884596
user_047,japan,VIEW,1719192215
user_047,mexico,BOOK,1718499725
user_047,mexico,SEARCH,1718499370
user_047,mexico,SEARCH,1718704442
user_047,mexico,SEARCH,1718767533
user_047,mexico,SEARCH,1719359298
user_047,mexico,VIEW,1718499522
user_047,mexico,VIEW,1718704817
user_047,mexico,VIEW,1718767717
user_047,spain,BOOK,1719074288
user_047,spain,BOOK,1719561820
user_047,spain,SEARCH,1718374530
user_047,spain,SEARCH,1718715678
user_047,spain,SEARCH,1719073853
user_047,spain,SEARCH,1719335527
user_047,spain,SEARCH,1719484210
user_047,spain,SEARCH,1719560853
user_047,spain,VIEW,1718715997
user_047,spain,VIEW,1719073916
user_047,spain,VIEW,1719335637
user_047,spain,VIEW,1719484403
user_047,spain,VIEW,1719561291
user_048,costa-rica,BOOK,1718307828
user_048,costa-rica,SEARCH,1718307146
user_048,costa-rica,SEARCH,1718377050
user_048,costa-rica,SEARCH,1718418162
user_048,costa-rica,SEARCH,1718946397
user_048,costa-rica,VIEW,1718307649
user_048,costa-rica,VIEW,1718418492
user_048,costa-rica,VIEW,1718946589
user_048,france,BOOK,1719262215
user_048,france,SEARCH,1719057063
user_048,france,SEARCH,1719261051
user_048,france,VIEW,1719057246
user_048,france,VIEW,1719261618
user_048,germany,BOOK,1718464680
user_048,germany,SEARCH,1718463956
user_048,germany,VIEW,1718464170
user_048,india,SEARCH,1718596473
user_048,japan,BOOK,1718770040
user_048,japan,SEARCH,1718769505
user_048,japan,VIEW,1718769856
user_048,mexico,BOOK,1718987967
user_048,mexico,SEARCH,1718153208
user_048,mexico,SEARCH,1718203660
user_048,mexico,SEARCH,1718247592
user_048,mexico,SEARCH,1718475644
user_048,mexico,SEARCH,1718568927
user_048,mexico,SEARCH,1718753233
user_048,mexico,SEARCH,1718816214
user_048,mexico,SEARCH,1718987385
user_048,mexico,VIEW,1718153321
user_048,mexico,VIEW,1718203766
user_048,mexico,VIEW,1718248031
user_048,mexico,VIEW,1718476185
user_048,mexico,VIEW,1718987517
user_048,south-korea,BOOK,1719015644
user_048,south-korea,BOOK,1719174089
user_048,south-korea,BOOK,1719227527
user_048,south-korea,SEARCH,1718285849
user_048,south-korea,SEARCH,1718674478
user_048,south-korea,SEARCH,1719015220
user_048,south-korea,SEARCH,1719101993
user_048,south-korea,SEARCH,1719173139
user_048,south-korea,SEARCH,1719226446
user_048,south-korea,VIEW,1718674755
user_048,south-korea,VIEW,1719015371
user_048,south-korea,VIEW,1719102187
user_048,south-korea,VIEW,1719173596
user_048,south-korea,VIEW,1719226942
user_048,spain,SEARCH,1718545191
user_048,spain,SEARCH,1718883240
user_048,spain,VIEW,1718545747
user_048,spain,VIEW,1718883305
user_049,brazil,BOOK,1719640605
user_049,brazil,SEARCH,1719639816
user_049,brazil,VIEW,1719640071
user_049,costa-rica,BOOK,1719168603
user_049,costa-rica,BOOK,1719403688
user_049,costa-rica,SEARCH,1719167749
user_049,costa-rica,SEARCH,1719385689
user_049,costa-rica,SEARCH,1719403550
user_049,costa-rica,VIEW,1719168284
user_049,costa-rica,VIEW,1719403615
user_049,france,SEARCH,1719097003
user_049,france,SEARCH,1719468150
user_049,france,SEARCH,1719553299
user_049,france,SEARCH,1719811294
user_049,france,SEARCH,1719952781
user_049,france,VIEW,1719097111
user_049,france,VIEW,1719468708
user_049,france,VIEW,1719553851
user_049,france,VIEW,1719811651
user_049,france,VIEW,1719952906
user_049,india,BOOK,1719714239
user_049,india,SEARCH,1719238333
user_049,india,SEARCH,1719293681
user_049,india,SEARCH,1719713470
user_049,india,SEARCH,1719731363
user_049,india,VIEW,1719294045
user_049,india,VIEW,1719713778
user_049,italy,SEARCH,1719647556
user_049,mexico,SEARCH,1719357145
user_049,mexico,SEARCH,1719893188
user_049,mexico,VIEW,1719893747
user_049,thailand,BOOK,1719524953
user_049,thailand,SEARCH,1719524510
user_049,thailand,VIEW,1719524698
user_050,brazil,SEARCH,1719791528
user_050,brazil,SEARCH,1720052385
user_050,costa-rica,BOOK,1719911400
user_050,costa-rica,SEARCH,1719910852
user_050,costa-rica,SEARCH,1719983408
user_050,costa-rica,VIEW,1719910998
user_050,costa-rica,VIEW,1719983686
user_050,germany,BOOK,1718604993
user_050,germany,BOOK,1718930170
user_050,germany,SEARCH,1718604002
user_050,germany,SEARCH,1718929473
user_050,germany,SEARCH,1719321375
user_050,germany,SEARCH,1719341713
user_050,germany,SEARCH,1719536966
user_050,germany,SEARCH,1719588572
user_050,germany,VIEW,1718604414
user_050,germany,VIEW,1718929878
user_050,germany,VIEW,1719321592
user_050,india,SEARCH,1718687918
user_050,india,SEARCH,1719727361
user_050,india,VIEW,1718688457
user_050,italy,BOOK,1719347305
user_050,italy,SEARCH,1718852404
user_050,italy,SEARCH,1719251108
user_050,italy,SEARCH,1719346661
user_050,italy,SEARCH,1719853820
user_050,italy,VIEW,1718852969
user_050,italy,VIEW,1719347070
user_050,japan,BOOK,1718769188
user_050,japan,SEARCH,1718768848
user_050,japan,SEARCH,1718859219
user_050,japan,SEARCH,1718997807
user_050,japan,SEARCH,1719786512
user_050,japan,SEARCH,1720008640
user_050,japan,SEARCH,1720105045
user_050,japan,VIEW,1718768996
user_050,japan,VIEW,1718859644
user_050,japan,VIEW,1720105231
user_050,mexico,SEARCH,1718743583
user_050,mexico,SEARCH,1719715970
user_050,spain,SEARCH,1719074840
user_050,spain,SEARCH,1719405742
user_050,spain,SEARCH,1719478979
user_050,spain,VIEW,1719075427
user_050,thailand,SEARCH,1719136579
user_050,thailand,SEARCH,1719220255
user_050,thailand,SEARCH,1719660190
user_050,thailand,VIEW,1719220357
user_050,thailand,VIEW,1719660596
